품목명	제조·생산지	제조일자(유통기한)	수입중량(kg)	세슘	요오드	판정	파일
고형차	러시아연방	2022.07.31.	100	55	불검출	적합	./tables/001/20190816+기타국가+방사능+검출+현황-page-1-table-1.csv
능이/건조	중국	(2019.08.01.)	2,230	3	-	적합	./tables/001/20190816+기타국가+방사능+검출+현황-page-1-table-1.csv
능이버섯/건조	중국	2020.10.31.	429.0	13	-	적합	./tables/002/201900813+기타국가+방사능+검출+현황-page-1-table-1.csv
잼	스웨덴	2020.10.27.	806	1	불검출	적합	./tables/003/20190809+기타국가+방사능+검출+현황-page-1-table-1.csv
차가버섯/건조	러시아연방	(2019.6.13.)	3,520	18	불검출	적합	./tables/003/20190809+기타국가+방사능+검출+현황-page-1-table-1.csv
능이버섯/건조	중국	2022.01.25.	1,260	2	-	적합	./tables/003/20190809+기타국가+방사능+검출+현황-page-1-table-1.csv
능이버섯/신선	중국	"생산년도
(2019년)"	21	6	-	적합	./tables/003/20190809+기타국가+방사능+검출+현황-page-1-table-1.csv
능이/건조	중국	(2019.7.25.)	664.0	2	-	적합	./tables/004/20190806+기타국가+방사능+검출+현황-page-1-table-1.csv
능이/냉동	중국	(2019.7.7.)	14,418	4	-	적합	./tables/005/20190801_기타국가_방사능_검출_현황-page-1-table-1.csv
능이/건조	중국	(2019.7.20.)	400	1	-	적합	./tables/005/20190801_기타국가_방사능_검출_현황-page-1-table-1.csv
능이/건조	중국	"2019년 
생산"	348	3	-	적합	./tables/005/20190801_기타국가_방사능_검출_현황-page-1-table-1.csv
잼	스웨덴	2020.10.9.	428	12	불검출	적합	./tables/005/20190801_기타국가_방사능_검출_현황-page-1-table-1.csv
잼	스웨덴	2020.4.24.	428	3	불검출	적합	./tables/005/20190801_기타국가_방사능_검출_현황-page-1-table-1.csv
능이/건조	중국	(2019.7.16.)	500	1	-	적합	./tables/005/20190730_기타국가_방사능_검출_현황-page-1-table-1.csv
능이/냉동	중국	(2019.7.10.)	5,520	3	-	적합	./tables/005/20190730_기타국가_방사능_검출_현황-page-1-table-1.csv
능이/건조	중국	(2019.7.3.)	602.0	3	-	적합	./tables/006/20190725_기타국가_방사능_검출_현황-page-1-table-1.csv
능이/냉동	중국	(2019.6.20.)	14,440	1	-	적합	./tables/007/20190722_기타국가_방사능_검출_현황-page-1-table-1.csv
능이/냉동	중국	(2019.7.1.)	3,660	4	-	적합	./tables/008/20190717_기타국가_방사능_검출_현황-page-1-table-1.csv
능이/냉동	중국	(2019.6.12.)	14,372	1	-	적합	./tables/009/20190711_기타국가_방사능_검출_현황-page-1-table-1.csv
능이/건조	중국	(2019.4.15.)	638	2	-	적합	./tables/009/20190711_기타국가_방사능_검출_현황-page-1-table-1.csv
과채가공품	벨기에	2020.11.5.	180	12	불검출	적합	./tables/009/20190711_기타국가_방사능_검출_현황-page-1-table-1.csv
능이/건조	중국	(2019.7.1.)	1,160	2	-	적합	./tables/009/20190716_기타국가_방사능_검출_현황-page-1-table-1.csv
과채가공품	에스토니아	2022.5.17.	480	20	불검출	적합	./tables/009/20190716_기타국가_방사능_검출_현황-page-1-table-1.csv
능이/건조	중국	(2019.6.30.)	400.0	1	-	적합	./tables/009/20190712_기타국가_방사능_검출_현황-page-1-table-1.csv
액상차	러시아	2022.2.1.	300.0	2	불검출	적합	./tables/011/20190709_기타국가_방사능_검출_현황-page-1-table-1.csv
능이/냉동	중국	(2019.6.2.)	14,439	2	-	적합	./tables/012/20190702_기타국가_방사능_검출_현황-page-1-table-1.csv
고형차	러시아	2022.6.12.	200.0	44	불검출	적합	./tables/012/20190704_기타국가_방사능_검출_현황-page-1-table-1.csv
고형차	러시아	2022.6.5.	200.0	31	불검출	적합	./tables/012/20190704_기타국가_방사능_검출_현황-page-1-table-1.csv
고형차	러시아	2022.6.3.	100.0	37	불검출	적합	./tables/012/20190704_기타국가_방사능_검출_현황-page-1-table-1.csv
과채가공품	미국	2021.6.1.	150.0	2	불검출	적합	./tables/013/20190701_기타국가_방사능_검출_현황-page-1-table-1.csv
잼	스페인	2021.4.10.	1,479.7	7	불검출	적합	./tables/013/20190627_기타국가_방사능_검출_현황-page-1-table-1.csv
능이/건조	중국	(2019.6.13.)	300	12	-	적합	./tables/013/20190627_기타국가_방사능_검출_현황-page-1-table-1.csv
"개암(헤즐너트)
/탈각/건조"	터키	(2019.6.8.)	5,000	2	불검출	적합	./tables/014/20190626_기타국가_방사능_검출_현황-page-1-table-1.csv
능이/냉동	중국	(2019.6.1.)	14,494	3	-	적합	./tables/014/20190626_기타국가_방사능_검출_현황-page-1-table-1.csv
능이/건조	중국	(2019.6.2.)	484	4	-	적합	./tables/014/20190626_기타국가_방사능_검출_현황-page-1-table-1.csv
능이/건조	중국	(2019.4.1.)	102.0	2	-	적합	./tables/014/20190621_기타국가_방사능_검출_현황-page-1-table-1.csv
능이/건조	중국	(2019.5.25.)	1,280	3	-	적합	./tables/016/20190617_기타국가_방사능_검출_현황-page-1-table-1.csv
능이/건조	중국	(2019.6.3.)	65	5	-	적합	./tables/016/20190614_기타국가_방사능_검출_현황-page-1-table-1.csv
능이/냉동	중국	(2019.5.10.)	13,985	2	-	적합	./tables/016/20190614_기타국가_방사능_검출_현황-page-1-table-1.csv
잼	스웨덴	2020.10.2.	870.4	18	-	적합	./tables/016/20190614_기타국가_방사능_검출_현황-page-1-table-1.csv
능이/냉동	중국	(2019.5.15.)	13,820	3	-	적합	./tables/017/20190612_기타국가_방사능_검출_현황-page-1-table-1.csv
고형차	핀란드	2022.1.31.	129.9	24	불검출	적합	./tables/017/20190611_기타국가_방사능_검출_현황-page-1-table-1.csv
능이/냉동	중국	(2019.5.1.)	14,236	2	-	적합	./tables/017/20190611_기타국가_방사능_검출_현황-page-1-table-1.csv
과채가공품	벨기에	2020.11.5.	180	11	불검출	적합	./tables/018/20190605_기타국가_방사능_검출_현황-page-1-table-1.csv
능이/냉동	중국	(2019.5.3.)	10,496	2	-	적합	./tables/018/20190605_기타국가_방사능_검출_현황-page-1-table-1.csv
능이/냉동	중국	(2019.5.5.)	13,422	2	-	적합	./tables/018/20190605_기타국가_방사능_검출_현황-page-1-table-1.csv
능이/냉동	중국	(2019.6.1.)	12,360	3	-	적합	./tables/018/20190610_기타국가_방사능_검출_현황-page-1-table-1.csv
능이/건조	중국	(2019.6.1.)	65	3	-	적합	./tables/018/20190610_기타국가_방사능_검출_현황-page-1-table-1.csv
침출차	러시아연방	2021.4.21.	14.6	33	불검출	적합	./tables/019/20190531_기타국가_방사능_검출_현황-page-1-table-1.csv
능이/건조	중국	(2019.5.1.)	1,250	5	-	적합	./tables/019/20190531_기타국가_방사능_검출_현황-page-1-table-1.csv
능이/냉동	중국	(2019.5.1.)	11,400	3	-	적합	./tables/019/20190604_기타국가_방사능_검출_현황-page-1-table-1.csv
잼	스웨덴	2020.8.21.	806.4	10	불검출	적합	./tables/020/20190529_기타국가_방사능_검출_현황-page-1-table-1.csv
능이/냉동	중국	(2019.5.10.)	5,320	2	-	적합	./tables/020/20190528_기타국가_방사능_검출_현황-page-1-table-1.csv
능이/건조	중국	(2019.5.10.)	100	3	-	적합	./tables/020/20190528_기타국가_방사능_검출_현황-page-1-table-1.csv
능이/냉동	중국	(2019.3.1.)	13,940	2	-	적합	./tables/021/20190527_기타국가_방사능_검출_현황-page-1-table-1.csv
능이/냉동	중국	(2019.4.20.)	13,784	2	-	적합	./tables/021/20190527_기타국가_방사능_검출_현황-page-1-table-1.csv
능이/냉동	중국	(2019.3.1.)	14,120	1	-	적합	./tables/021/20190524_기타국가_방사능_검출_현황-page-1-table-1.csv
과채가공품	스위스	2020.2.1.	60	19	불검출	적합	./tables/021/20190524_기타국가_방사능_검출_현황-page-1-table-1.csv
능이/냉동	중국	(2019.5.1.)	11,400	2	-	적합	./tables/022/20190523_기타국가_방사능_검출_현황-page-1-table-1.csv
블루베리/냉동	미국	(2019.3.27.)	23,120	4	불검출	적합	./tables/022/20190522_기타국가_방사능_검출_현황-page-1-table-1.csv
능이/건조	중국	(2019.4.20.)	307.5	1	-	적합	./tables/023/20190515_기타국가_방사능_검출_현황-page-1-table-1.csv
능이/냉동	중국	(2018.12.12.)	14,240	4	-	적합	./tables/023/20190515_기타국가_방사능_검출_현황-page-1-table-1.csv
잼	오스트리아	2021.3.13.	900.0	18	불검출	적합	./tables/023/20190520_기타국가_방사능_검출_현황-page-1-table-1.csv
능이/건조	키르기스스탄	(2018년)	100	60	불검출	적합	./tables/024/20190514_기타국가_방사능_검출_현황-page-1-table-1.csv
능이/건조	중국	(2019.4.13.)	1,245	1	-	적합	./tables/024/20190514_기타국가_방사능_검출_현황-page-1-table-1.csv
능이/냉동	중국	(2019.4.18.)	14,278	3	-	적합	./tables/024/20190514_기타국가_방사능_검출_현황-page-1-table-1.csv
차가버섯/건조	러시아	(2019.4.1.)	198.0	40	불검출	적합	./tables/024/20190510_기타국가_방사능_검출_현황-page-1-table-1.csv
능이/건조	중국	(2019.4.1.)	530.0	3	-	적합	./tables/025/20190509_기타국가_방사능_검출_현황-page-1-table-1.csv
과채가공품	미국	2020.8.3.	68.0	3	불검출	적합	./tables/026/20190503_기타국가_방사능_검출_현황-page-1-table-1.csv
잼	스웨덴	2020.5.6.	384.0	3	불검출	적합	./tables/026/20190503_기타국가_방사능_검출_현황-page-1-table-1.csv
잼	스웨덴	2020.1.7.	856.8	3	불검출	적합	./tables/026/20190508_기타국가_방사능_검출_현황-page-1-table-1.csv
능이/냉동	중국	(2019.4.11.)	18,267	2	-	적합	./tables/027/20190501_기타국가_방사능_검출_현황-page-1-table-1.csv
능이/건조	중국	(2019.3.20.)	90.0	2	-	적합	./tables/028/20190424_기타국가_방사능_검출_현황-page-1-table-1.csv
능이/건조	중국	(2019.3.28.)	600.0	2	-	적합	./tables/029/20190422_기타국가_방사능_검출_현황-page-1-table-1.csv
과채가공품	슬로바키아	2020.3.26.	6	2	불검출	적합	./tables/029/20190423_기타국가_방사능_검출_현황-page-1-table-1.csv
능이/냉동	중국	-	14,002	3	-	적합	./tables/029/20190423_기타국가_방사능_검출_현황-page-1-table-1.csv
그물버섯	이탈리아	(2019.3.28.)	114.15	3	불검출	적합	./tables/030/20190418_기타국가_방사능_검출_현황-page-1-table-1.csv
능이/건조	중국	(2019.3.20.)	500.0	4	-	적합	./tables/030/20190418_기타국가_방사능_검출_현황-page-1-table-1.csv
능이/건조	중국	(2019.3.1.)	394	3	-	적합	./tables/031/20190415_기타국가_방사능_검출_현황-page-1-table-1.csv
능이/냉동	중국	(2019.3.1.)	12,678	2	-	적합	./tables/031/20190415_기타국가_방사능_검출_현황-page-1-table-1.csv
능이/건조	중구	(2019.4.2.)	300	26	-	적합	./tables/031/20190415_기타국가_방사능_검출_현황-page-1-table-1.csv
능이/냉동	중국	(2019.3.6.)	10,526	3	-	적합	./tables/031/20190412_기타국가_방사능_검출_현황-page-1-table-1.csv
능이/냉동	중국	(2019.3.18.)	14,024	4	-	적합	./tables/031/20190412_기타국가_방사능_검출_현황-page-1-table-1.csv
능이/건조	중국	(2019.3.1.)	270.0	4	-	적합	./tables/032/20190410_기타국가_방사능_검출_현황-page-1-table-1.csv
고형차	러시아	2022.3.16.	100.0	43	불검출	적합	./tables/032/20190411_기타국가_방사능_검출_현황-page-1-table-1.csv
과채가공품	중국	2020.8.17.	300	2	불검출	적합	./tables/032/20190409_기타국가_방사능_검출_현황-page-1-table-1.csv
능이/냉동	중국	(2019.2.1.)	10,500	3	-	적합	./tables/032/20190409_기타국가_방사능_검출_현황-page-1-table-1.csv
고형차	러시아	2022.3.12.	20	27	불검출	적합	./tables/032/20190409_기타국가_방사능_검출_현황-page-1-table-1.csv
능이/냉동	중국	(2019.3.8.)	13,128	4	-	적합	./tables/033/20190405_기타국가_방사능_검출_현황-page-1-table-1.csv
잼	미국	2020.11.4.	2,250	2	불검출	적합	./tables/033/20190404_기타국가_방사능_검출_현황-page-1-table-1.csv
능이/냉동	중국	(2018.12.15.)	11,420	2	-	적합	./tables/034/20190402_기타국가_방사능_검출_현황-page-1-table-1.csv
천연향신료	독일	2021.6.1.	245.7	7	불검출	적합	./tables/034/20190403_기타국가_방사능_검출_현황-page-1-table-1.csv
능이/냉동	중국	(2019.3.15.)	2,520	2	-	적합	./tables/035/20190327_기타국가_방사능_검출_현황-page-1-table-1.csv
고형차	러시아	2020.11.4.	625	54	불검출	적합	./tables/035/20190328_기타국가_방사능_검출_현황-page-1-table-1.csv
능이/냉동	중국	(2019.2.26.)	14,028	2	-	적합	./tables/035/20190328_기타국가_방사능_검출_현황-page-1-table-1.csv
능이/냉동	중국	(2019.2.15.)	6,500	1	-	적합	./tables/035/20190328_기타국가_방사능_검출_현황-page-1-table-1.csv
고형차	러시아	2021.3.11.	3.5	1	불검출	적합	./tables/036/20190326_기타국가_방사능_검출_현황-page-1-table-1.csv
능이/냉동	중국	(2019.3.3.)	9,000	4	-	적합	./tables/036/20190326_기타국가_방사능_검출_현황-page-1-table-1.csv
능이/건조	중국	(2019.2.25.)	100	1	-	적합	./tables/036/20190325_기타국가_방사능_검출_현황-page-1-table-1.csv
능이/냉동	중국	(2019.2.25.)	5,644	2	-	적합	./tables/036/20190325_기타국가_방사능_검출_현황-page-1-table-1.csv
잼	벨기에	2020.12.31.	51.6	3	불검출	적합	./tables/037/20190322_기타국가_방사능_검출_현황-page-1-table-1.csv
능이/냉동	중국	(2019.2.23.)	10,000	1	-	적합	./tables/037/20190322_기타국가_방사능_검출_현황-page-1-table-1.csv
고형차	러시아	2022.3.3.	100	19	불검출	적합	./tables/037/20190322_기타국가_방사능_검출_현황-page-1-table-1.csv
고형차	러시아연방	2020.11.4.	625.0	60	불검출	적합	./tables/037/20190320_기타국가_방사능_검출_현황-page-1-table-1.csv
잼	네덜란드	2019.12.12.	1,494	12	불검출	적합	./tables/038/20190315_기타국가_방사능_검출_현황-page-1-table-1.csv
능이/건조	중국	2021.2.21.	50.0	3	-	적합	./tables/038/20190314_기타국가_방사능_검출_현황-page-1-table-1.csv
과채가공품	벨기에	2020.7.30.	1,260	38	불검출	적합	./tables/039/20190311_기타국가_방사능_검출_현황-page-1-table-1.csv
고형차	러시아	2022.2.10.	100.0	73	불검출	적합	./tables/040/20190306_기타국가_방사능_검출_현황-page-1-table-1.csv
고형차	핀란드	2021.12.1.	20.0	66	불검출	적합	./tables/043/20190219_기타국가_방사능_검출_현황-page-1-table-1.csv
고형차	러시아	2022.1.24.	300.0	71	불검출	적합	./tables/043/20190219_기타국가_방사능_검출_현황-page-1-table-1.csv
능이/냉동	중국	2021.7.4.	10,181	3	-	적합	./tables/044/20190211_기타국가_방사능_검출_현황-page-1-table-1.csv
고형차	미국	2020.11.1.	6.6	35	불검출	적합	./tables/044/20190214_기타국가_방사능_검출_현황-page-1-table-1.csv
능이/건조	중국	2021.7.19.	1,170	2	-	적합	./tables/045/20190208_기타국가_방사능_검출_현황-page-1-table-1.csv
능이/건조	중국	2021.5.19.	1,144	4	-	적합	./tables/045/20190208_기타국가_방사능_검출_현황-page-1-table-1.csv
능이/냉동	키르기스스탄	(2018.12.1.)	3,740	10	불검출	적합	./tables/045/20190208_기타국가_방사능_검출_현황-page-1-table-1.csv
고형차	러시아	2022.1.21.	50.0	67	불검출	적합	./tables/045/20190201_기타국가_방사능_검출_현황-page-1-table-1.csv
고형차	러시아	2022.1.20.	50.0	65	불검출	적합	./tables/045/20190201_기타국가_방사능_검출_현황-page-1-table-1.csv
능이/건조	키르기스스탄	(2018.12.1.)	145.0	9	-	적합	./tables/045/20190201_기타국가_방사능_검출_현황-page-1-table-1.csv
능이/냉동	중국	(2019.1.3.)	12,000	3	-	적합	./tables/046/20190131_기타국가_방사능_검출_현황-page-1-table-1.csv
고형차	러시아	2020.7.11.	10.0	30	불검출	적합	./tables/047/20190124_기타국가_방사능_검출_현황-page-1-table-1.csv
능이/건조	중국	(2019.1.6.)	520.0	1	-	적합	./tables/047/20190124_기타국가_방사능_검출_현황-page-1-table-1.csv
능이/건조	중국	2021.7.1.	1,170	1	-	적합	./tables/048/20190121_기타국가_방사능_검출_현황-page-1-table-1.csv
고형차	러시아	2021.11.6.	300.0	53	불검출	적합	./tables/049/20190118_기타국가_방사능_검출_현황-page-1-table-1.csv
침출차	캐나다	2020.12.14.	108.8	7	불검출	적합	./tables/050/20190115_기타국가_방사능_검출_현황-page-1-table-1.csv
능이/냉동	중국	2022.6.19.	14,170	4	-	적합	./tables/050/20190115_기타국가_방사능_검출_현황-page-1-table-1.csv
천연향신료	이탈리아	2021.7.5.	10.8	5	-	적합	./tables/050/20190111_기타국가_방사능_검출_현황-page-1-table-1.csv
능이/냉동	중국	(2018.12.20.)	1,960	3	-	적합	./tables/051/20190104_기타국가_방사능_검출_현황-page-1-table-1.csv
능이/냉동	중국	(2018.12.10.)	11,120	2	-	적합	./tables/051/20190104_기타국가_방사능_검출_현황-page-1-table-1.csv
능이/건조	중국	(2018.12.20.)	356.0	3	-	적합	./tables/051/20190108_기타국가_방사능_검출_현황-page-1-table-1.csv
능이/건조	중국	(2018.12.26.)	400.0	22	-	적합	./tables/051/20190108_기타국가_방사능_검출_현황-page-1-table-1.csv
기타잼	이탈리아	2020.6.1.	48.0	7	불검출	적합	./tables/051/20190108_기타국가_방사능_검출_현황-page-1-table-1.csv
능이/건조	중국	(2018.9.1.)	1,000	4	-	적합	./tables/052/20190103_기타국가_방사능_검출_현황-page-1-table-1.csv
고형차	핀란드	2021.8.1.	2.2	2	불검출	적합	./tables/052/20181231_기타국가_방사능_검출_현황-page-1-table-1.csv
잼	스웨덴	2020.3.2.	381.0	4	불검출	적합	./tables/053/20181226_기타국가_방사능_검출_현황-page-1-table-1.csv
빌베리추출물	스위스	2022.2.1.	20	2	불검출	적합	./tables/054/20181220_기타국가_방사능_검출_현황-page-1-table-1.csv
능이/건조	중국	2021.11.11.	1,000	3	-	적합	./tables/054/20181220_기타국가_방사능_검출_현황-page-1-table-1.csv
능이/건조	러시아연방	2020.11.19.	100	265	-	부적합	./tables/054/20181220_기타국가_방사능_검출_현황-page-1-table-1.csv
능이/냉동	중국	(2018.11.1.)	13,496	2	-	적합	./tables/054/20181221_기타국가_방사능_검출_현황-page-1-table-1.csv
능이/건조	중국	(2018.10.1.)	400	14	-	적합	./tables/054/20181221_기타국가_방사능_검출_현황-page-1-table-1.csv
액상차	러시아연방	2021.10.21.	150	9	불검출	적합	./tables/055/20181217_기타국가_방사능_검출_현황-page-1-table-1.csv
능이/건조	중국	2020.11.10.	550	3	-	적합	./tables/055/20181217_기타국가_방사능_검출_현황-page-1-table-1.csv
능이/냉동	중국	2020.11.10.	10,560	2	-	적합	./tables/055/20181217_기타국가_방사능_검출_현황-page-1-table-1.csv
능이/건조	중국	2021.6.2.	1,105	2	-	적합	./tables/055/20181219_기타국가_방사능_검출_현황-page-1-table-1.csv
능이/냉동	중국	2020.12.4.	7,182	1	-	적합	./tables/055/20181219_기타국가_방사능_검출_현황-page-1-table-1.csv
잼	스웨덴	2019.7.30.	384.0	2	불검출	적합	./tables/056/20181214_기타국가_방사능_검출_현황-page-1-table-1.csv
고형차	핀란드	2021.10.31.	60.5	26	불검출	적합	./tables/056/20181214_기타국가_방사능_검출_현황-page-1-table-1.csv
액상차	러시아연방	2021.11.4.	230.0	6	불검출	적합	./tables/056/20181214_기타국가_방사능_검출_현황-page-1-table-1.csv
능이/냉동	중국	2021.11.11.	13,500	1	-	적합	./tables/056/20181211+기타국가+방사능+검출+현황-page-1-table-1.csv
능이/냉동	중국	2020.11.10.	13,500	1	-	적합	./tables/056/20181211+기타국가+방사능+검출+현황-page-1-table-1.csv
그물버섯/건조	이탈리아	2020.11.15.	226	6	불검출	적합	./tables/056/20181211+기타국가+방사능+검출+현황-page-1-table-1.csv
과채가공품	미국	2021.09.20.	21,032	5	불검출	적합	./tables/056/20181211+기타국가+방사능+검출+현황-page-1-table-1.csv
고형차	러시아 연방	2021.10.16.	200	39	불검출	적합	./tables/059/20181204+기타국가+방사능+검출+현황-page-1-table-1.csv
능이/냉동	중국	2020.11.09.	11,200	2	-	적합	./tables/059/20181204+기타국가+방사능+검출+현황-page-1-table-1.csv
능이/냉동	중국	2018.10.28.	14,310	4	-	적합	./tables/059/20181204+기타국가+방사능+검출+현황-page-1-table-1.csv
능이/냉동	중국	2021.10.30.	2,500	1	-	적합	./tables/059/20181204+기타국가+방사능+검출+현황-page-1-table-1.csv
고형차	러시아 연방	2020.09.09.	50.0	52	불검출	적합	./tables/059/20181127+기타국가+방사능+검출+현황-page-1-table-1.csv
고형차	러시아 연방	2020.11.08.	60.0	57	불검출	적합	./tables/059/20181127+기타국가+방사능+검출+현황-page-1-table-1.csv
능이/냉동	중국	"2018
(생산년도)"	5,768	16	-	적합	./tables/060/20181126+기타국가+방사능+검출+현황-page-1-table-1.csv
능이/건조	중국	"2018
(생산년도)"	105	13	-	적합	./tables/060/20181126+기타국가+방사능+검출+현황-page-1-table-1.csv
고형차	러시아 연방	2020.10.06.	12	59	불검출	적합	./tables/061/20181122+기타국가+방사능+검출+현황-page-1-table-1.csv
능이/냉동	중국	2022.04.14.	14,141	2	-	적합	./tables/061/20181122+기타국가+방사능+검출+현황-page-1-table-1.csv
능이/냉동	중국	"2018년
(생산년도)"	10,168	4	-	적합	./tables/062/20181114+기타국가+방사능+검출+현황-page-1-table-1.csv
능이/냉동	중국	"2018년
(생산년도)"	5,400	1	-	적합	./tables/062/20181114+기타국가+방사능+검출+현황-page-1-table-1.csv
잼	덴마크	2020.09.13.	6,863	3	불검출	적합	./tables/062/20181116+기타국가+방사능+검출+현황-page-1-table-1.csv
능이/건조	중국	"2018년
(생산년도)"	45	2	-	적합	./tables/062/20181116+기타국가+방사능+검출+현황-page-1-table-1.csv
기타가공품	중국	2020.05.10.	25	5	불검출	적합	./tables/062/20181116+기타국가+방사능+검출+현황-page-1-table-1.csv
능이/건조	중국	"2018년
(생산년도)"	450	3	-	적합	./tables/063/20181113+기타국가+방사능+검출+현황-page-1-table-1.csv
능이/건조	중국	2020.08.31.	132	4	-	적합	./tables/063/20181113+기타국가+방사능+검출+현황-page-1-table-1.csv
능이/냉동	중국	2021.10.21.	4,500	2	-	적합	./tables/063/20181113+기타국가+방사능+검출+현황-page-1-table-1.csv
능이/냉동	중국	2020.08.31.	12,208	4	-	적합	./tables/063/20181113+기타국가+방사능+검출+현황-page-1-table-1.csv
능이/냉동	중국	2018.09.10.	11,196	2	-	적합	./tables/063/20181113+기타국가+방사능+검출+현황-page-1-table-1.csv
능이/냉동	중국	2021.03.29.	14,404	4	-	적합	./tables/063/20181113+기타국가+방사능+검출+현황-page-1-table-1.csv
능이/건조	중국	2021.10.31.	30	3	-	적합	./tables/063/20181113+기타국가+방사능+검출+현황-page-1-table-1.csv
고형차	러시아연방	2021.03.23.	500	47	불검출	적합	./tables/065/20181107+기타국가+방사능+검출+현황-page-1-table-1.csv
능이/냉동	중국	2020.09.29.	13,312	2	불검출	적합	./tables/065/20181107+기타국가+방사능+검출+현황-page-1-table-1.csv
능이/건조	중국	"2018년
(생산년도)"	50	4	불검출	적합	./tables/065/20181107+기타국가+방사능+검출+현황-page-1-table-1.csv
"블루베리/열매/
냉동"	미국	2021.08.01.	13,610	4	불검출	적합	./tables/066/20181102+기타국가+방사능+검출+현황-page-1-table-1.csv
고형차	중국	2021.10.08.	100	13	불검출	적합	./tables/066/20181105+기타국가+방사능+검출+현황-page-1-table-1.csv
능이/냉동	중국	2021.09.16.	13,130	2	불검출	적합	./tables/066/20181105+기타국가+방사능+검출+현황-page-1-table-1.csv
고형차	러시아연방	2021.06.03.	120	45	불검출	적합	./tables/066/20181105+기타국가+방사능+검출+현황-page-1-table-1.csv
능이/건조	중국	(2018.10.10.)	400.0	19	불검출	적합	./tables/067/20181029_기타국가_방사능_검출_현황-page-1-table-1.csv
송이버섯	터키	(2018.10.15.)	3.0	5	불검출	적합	./tables/067/20181029_기타국가_방사능_검출_현황-page-1-table-1.csv
능이/냉동	중국	(2018.9.28.)	14,430	2	불검출	적합	./tables/067/20181030_기타국가_방사능_검출_현황-page-1-table-1.csv
능이/건조	중국	2021.4.11.	1,200	4	불검출	적합	./tables/067/20181031_기타국가_방사능_검출_현황-page-1-table-1.csv
능이/건조	중국	2021.10.16.	505	4	불검출	적합	./tables/067/20181031_기타국가_방사능_검출_현황-page-1-table-1.csv
능이/냉동	중국	2020.9.19.	11,900	3	불검출	적합	./tables/067/20181031_기타국가_방사능_검출_현황-page-1-table-1.csv
잼	스웨덴	2020.2.7.	3,240	8	불검출	적합	./tables/068/20181023_기타국가_방사능_검출_현황-page-1-table-1.csv
잼	미국	2019.9.25.	139.7	17	불검출	적합	./tables/068/20181022_기타국가_방사능_검출_현황-page-1-table-1.csv
능이/냉동	중국	2022.3.14.	8,435	2	불검출	적합	./tables/069/20181016_기타국가_방사능_검출_현황-page-1-table-1.csv
차가버섯/건조	러시아	(2018년)	220.0	82	불검출	적합	./tables/069/20181018_기타국가_방사능_검출_현황-page-1-table-1.csv
능이/건조	키르기스스탄	(2018.9.20.)	100.0	9	불검출	적합	./tables/069/20181019_기타국가_방사능_검출_현황-page-1-table-1.csv
잼	덴마크	2020.8.13.	6,933.6	3	불검출	적합	./tables/069/20181017_기타국가_방사능_검출_현황-page-1-table-1.csv
능이/건조	중국	2021.2.28.	300.0	4	불검출	적합	./tables/070/20181012_기타국가_방사능_검출_현황-page-1-table-1.csv
능이/냉동	중국	2021.9.6.	12,290	3	불검출	적합	./tables/071/20181011_기타국가_방사능_검출_현황-page-1-table-1.csv
능이/건조	중국	2021.3.7.	1,170	3	불검출	적합	./tables/071/20181005_기타국가_방사능_검출_현황-page-1-table-1.csv
고형차	미국	2020.12.1.	6.6	66	불검출	적합	./tables/071/20181008_기타국가_방사능_검출_현황-page-1-table-1.csv
고형차	러시아	2020.8.9.	625.0	49	불검출	적합	./tables/071/20181008_기타국가_방사능_검출_현황-page-1-table-1.csv
능이/건조	키르기스스탄	2020.9.6.	100.0	7	불검출	적합	./tables/071/20181008_기타국가_방사능_검출_현황-page-1-table-1.csv
능이/건조	키르기스스탄	2021.3.22.	110.0	9	불검출	적합	./tables/071/20181008_기타국가_방사능_검출_현황-page-1-table-1.csv
과채가공품	미국	2020.4.12.	44.0	2	불검출	적합	./tables/072/20181002_기타국가_방사능_검출_현황-page-1-table-1.csv
잼	독일	2019.7.17.	60.0	1	불검출	적합	./tables/073/20180927_기타국가_방사능_검출_현황-page-1-table-1.csv
고형차	러시아	2020.6.1.	625.0	50	불검출	적합	./tables/073/20180928_기타국가_방사능_검출_현황-page-1-table-1.csv
과채가공품	중국	2019.12.6.	210.0	2	불검출	적합	./tables/073/20181001_기타국가_방사능_검출_현황-page-1-table-1.csv
잼	스웨덴	2019.11.29.	2,570	1	불검출	적합	./tables/074/20180919_기타국가_방사능_검출_현황-page-1-table-1.csv
잼	오스트리아	2020.2.21.	164.64	28	불검출	적합	./tables/074/20180921_기타국가_방사능_검출_현황-page-1-table-1.csv
고형차	러시아	2020.6.1.	625	47	불검출	적합	./tables/075/20180917_기타국가_방사능_검출_현황-page-1-table-1.csv
액상차	러시아	2021.8.6.	1,002	14	불검출	적합	./tables/075/20180917_기타국가_방사능_검출_현황-page-1-table-1.csv
차가버섯	러시아	2020.8.28.	198.0	1	불검출	적합	./tables/075/20180914_기타국가_방사능_검출_현황-page-1-table-1.csv
곰보버섯	터키	2020.8.1.	100.0	3	불검출	적합	./tables/075/20180914_기타국가_방사능_검출_현황-page-1-table-1.csv
그물버섯	루마니아	2020.8.1.	200.0	7	불검출	적합	./tables/075/20180914_기타국가_방사능_검출_현황-page-1-table-1.csv
꾀꼬리버섯	폴란드	2020.8.1.	100.0	20	불검출	적합	./tables/075/20180914_기타국가_방사능_검출_현황-page-1-table-1.csv
꾀꼬리버섯	프랑스	2020.8.1.	100.0	13	불검출	적합	./tables/075/20180914_기타국가_방사능_검출_현황-page-1-table-1.csv
잼	독일	2020.5.14.	1,515	34	불검출	적합	./tables/076/20180911_기타국가_방사능_검출_현황-page-1-table-1.csv
잼	벨기에	2020.5.31.	25.8	58	불검출	적합	./tables/076/20180911_기타국가_방사능_검출_현황-page-1-table-1.csv
능이버섯	중국	(2018.8.15.)	9,710	2	불검출	적합	./tables/076/20180911_기타국가_방사능_검출_현황-page-1-table-1.csv
잼	프랑스	2020.6.7.	121.8	15	불검출	적합	./tables/076/20180911_기타국가_방사능_검출_현황-page-1-table-1.csv
능이버섯	키르기스스탄	(2018.1.1.)	390.0	8	불검출	적합	./tables/076/20180912_기타국가_방사능_검출_현황-page-1-table-1.csv
고형차	러시아	2021.8.12.	400.0	17	불검출	적합	./tables/076/20180912_기타국가_방사능_검출_현황-page-1-table-1.csv
과채가공품	슬로바키아	2019.7.3.	7.5	3	불검출	적합	./tables/076/20180912_기타국가_방사능_검출_현황-page-1-table-1.csv
과채가공품	슬로바키아	2019.7.3.	7.5	4	불검출	적합	./tables/076/20180912_기타국가_방사능_검출_현황-page-1-table-1.csv
고형차	러시아	2020.6.1.	625.0	44	불검출	적합	./tables/076/20180910_기타국가_방사능_검출_현황-page-1-table-1.csv
고형차	러시아	2020.6.1.	625.0	58	불검출	적합	./tables/077/20180907_기타국가_방사능_검출_현황-page-1-table-1.csv
과․채가공품	핀란드	2020.3.1.	100.0	48	불검출	적합	./tables/078/20180904_기타국가_방사능_검출_현황-page-1-table-1.csv
과․채음료	이탈리아	2020.4.1.	1,526.4	3	불검출	적합	./tables/078/20180903_기타국가_방사능_검출_현황-page-1-table-1.csv
"빌베리추출물
(원료성)"	스위스	2021.7.1.	20	3	불검출	적합	./tables/078/20180903_기타국가_방사능_검출_현황-page-1-table-1.csv
과채가공품	프랑스	2019.11.28.	900.0	33	불검출	적합	./tables/080/20180827_기타국가_방사능_검출_현황-page-1-table-1.csv
고형차	러시아	2021.3.23.	500.0	43	불검출	적합	./tables/081/20180822_기타국가_방사능_검출_현황-page-1-table-1.csv
차가버섯	러시아	(2018.6.28.)	5,000	17	불검출	적합	./tables/081/20180821_기타국가_방사능_검출_현황-page-1-table-1.csv
잼	핀란드	2019.10.22.	605.88	114	불검출	부적합	./tables/081/20180821_기타국가_방사능_검출_현황-page-1-table-1.csv
고형차	러시아	2021.7.8.	300.0	71	불검출	적합	./tables/081/20180823_기타국가_방사능_검출_현황-page-1-table-1.csv
고형차	러시아	2021.7.22.	200.0	59	불검출	적합	./tables/084/20180809_기타국가_방사능_검출_현황-page-1-table-1.csv
고형차	러시아	2021.7.23.	200.0	54	불검출	적합	./tables/084/20180809_기타국가_방사능_검출_현황-page-1-table-1.csv
과채가공품	프랑스	2020.10.1.	240.0	17	불검출	적합	./tables/085/20180803_기타국가_방사능_검출_현황-page-1-table-1.csv
그물버섯	리투아니아	(2018.5.4.)	240.0	3	불검출	적합	./tables/086/20180801_기타국가_방사능_검출_현황-page-1-table-1.csv
과채가공품	폴란드	2020.7.14.	450.0	1	불검출	적합	./tables/086/20180801_기타국가_방사능_검출_현황-page-1-table-1.csv
과채가공품	독일	2019.8.7.	3,001.6	2	불검출	적합	./tables/086/20180730_기타국가_방사능_검출_현황-page-1-table-1.csv
고형차	러시아	2020.3.11.	625	53	불검출	적합	./tables/087/20180727_기타국가_방사능_검출_현황-page-1-table-1.csv
고형차	러시아	2021.6.15.	2,010	70	불검출	적합	./tables/087/20180727_기타국가_방사능_검출_현황-page-1-table-1.csv
과채가공품	프랑스	2020.10.1.	240.0	1	불검출	적합	./tables/087/20180725_기타국가_방사능_검출_현황-page-1-table-1.csv
빌베리추출물	독일	2019.10.1.	50.0	1	불검출	적합	./tables/087/20180726_기타국가_방사능_검출_현황-page-1-table-1.csv
차가버섯	러시아	(2018.4.20.)	6,462	11	불검출	적합	./tables/088/20180723_기타국가_방사능_검출_현황-page-1-table-1.csv
과채가공품	미국	2020.5.21.	20,118	1	불검출	적합	./tables/088/20180723_기타국가_방사능_검출_현황-page-1-table-1.csv
기타가공품	중국	2020.5.10.	25.0	4	불검출	적합	./tables/088/20180720_기타국가_방사능_검출_현황-page-1-table-1.csv
기타잼	이탈리아	2020.2.1.	48.0	30	불검출	적합	./tables/088/20180720_기타국가_방사능_검출_현황-page-1-table-1.csv
과채가공품	프랑스	2020.7.31.	240.0	2	불검출	적합	./tables/088/20180720_기타국가_방사능_검출_현황-page-1-table-1.csv
과채가공품	프랑스	2020.10.1.	240.0	2	불검출	적합	./tables/088/20180724_기타국가_방사능_검출_현황-page-1-table-1.csv
차가버섯	러시아	(2018.5.20.)	15,847	25	불검출	적합	./tables/089/20180716_기타국가_방사능_검출_현황-page-1-table-1.csv
블루베리	미국	2019.11.22.	17,952	3	불검출	적합	./tables/089/20180716_기타국가_방사능_검출_현황-page-1-table-1.csv
과채가공품	프랑스	2020.7.31.	240.0	40	불검출	적합	./tables/089/20180717_기타국가_방사능_검출_현황-page-1-table-1.csv
"빌베리추출물
(원료성)"	스위스	2021.7.1.	21.0	3	불검출	적합	./tables/089/20180718_기타국가_방사능_검출_현황-page-1-table-1.csv
"빌베리추출물
(원료성)"	이탈리아	2022.4.30.	245.0	17	불검출	적합	./tables/089/20180718_기타국가_방사능_검출_현황-page-1-table-1.csv
곰보버섯	프랑스	(2018.6.14.)	39.0	1	불검출	적합	./tables/090/20180713_기타국가_방사능_검출_현황-page-1-table-1.csv
과채가공품	핀란드	2020.6.13.	104.0	16	불검출	적합	./tables/091/20180711_기타국가_방사능_검출_현황-page-1-table-1.csv
잼	핀란드	2019.11.29.	532.44	5	불검출	적합	./tables/092/20180705_기타국가_방사능_검출_현황-page-1-table-1.csv
천연향신료	이탈리아	2021.3.19.	30.0	1	불검출	적합	./tables/092/20180709_기타국가_방사능_검출_현황-page-1-table-1.csv
잼	프랑스	2020.5.16.	3	19	불검출	적합	./tables/093/20180703_기타국가_방사능_검출_현황-page-1-table-1.csv
고형차	중국	2020.6.9.	1,000	4	불검출	적합	./tables/093/20180703_기타국가_방사능_검출_현황-page-1-table-1.csv
과채가공품	이탈리아	2020.4.3.	10	2	불검출	적합	./tables/093/20180703_기타국가_방사능_검출_현황-page-1-table-1.csv
천연향신료	이탈리아	2021.2.19.	13	5	불검출	적합	./tables/093/20180629_기타국가_방사능_검출_현황-page-1-table-1.csv
잼	덴마크	2020.4.18.	13,824	4	불검출	적합	./tables/093/20180629_기타국가_방사능_검출_현황-page-1-table-1.csv
액상차	러시아연방	2021.5.22.	1,001	11	불검출	적합	./tables/094/20180626_기타국가_방사능_검출_현황-page-1-table-1.csv
잼	프랑스	2020.7.21.	6	17	불검출	적합	./tables/094/20180626_기타국가_방사능_검출_현황-page-1-table-1.csv
잼	프랑스	2020.12.18.	54.75	1	불검출	적합	./tables/094/20180627_기타국가_방사능_검출_현황-page-1-table-1.csv
"빌베리추출물
(원료성)"	이탈리아	2022.4.30.	100.0	30	불검출	적합	./tables/095/20180622_기타국가_방사능_검출_현황-page-1-table-1.csv
고형차	러시아연방	2020.5.29.	2,000	3	불검출	적합	./tables/096/20180621_기타국가_방사능_검출_현황-page-1-table-1.csv
과 채가공품	독일	2020.5.12.	25	798	불검출	부적합	./tables/096/20180621_기타국가_방사능_검출_현황-page-1-table-1.csv
고형차	러시아연방	2020.12.15.	500.0	44	불검출	적합	./tables/096/20180619_기타국가_방사능_검출_현황-page-1-table-1.csv
잼	이탈리아	2020.12.31.	6.0	120	불검출	부적합	./tables/096/20180619_기타국가_방사능_검출_현황-page-1-table-1.csv
잼	이탈리아	2019.9.20.	518.4	33	불검출	적합	./tables/097/20180615_기타국가_방사능_검출_현황-page-1-table-1.csv
잼	이탈리아	2021.12.31.	756.0	83	불검출	적합	./tables/097/20180618_기타국가_방사능_검출_현황-page-1-table-1.csv
고형차	러시아연방	2021.5.24.	31.92	41	불검출	적합	./tables/098/20180614_기타국가_방사능_검출_현황-page-1-table-1.csv
고형차	러시아연방	2020.4.20.	100.0	20	불검출	적합	./tables/098/20180614_기타국가_방사능_검출_현황-page-1-table-1.csv
잼	영국	2019.6.1.	2.4	1	불검출	적합	./tables/098/20180611_기타국가_방사능_검출_현황-page-1-table-1.csv
차가버섯	러시아연방	(2018.3.20.)	13,308	17	불검출	적합	./tables/098/20180612_기타국가_방사능_검출_현황-page-1-table-1.csv
과채가공품	프랑스	2019.11.28.	400	36	불검출	적합	./tables/098/20180612_기타국가_방사능_검출_현황-page-1-table-1.csv
잼	스웨덴	2019.7.11.	192.0	4	불검출	적합	./tables/099/20180605_기타국가_방사능_검출_현황-page-1-table-1.csv
고형차	러시아연방	2020.3.11.	625	61	불검출	적합	./tables/100/20180604_기타국가_방사능_검출_현황-page-1-table-1.csv
고형차	러시아연방	2020.3.11.	625	53	불검출	적합	./tables/100/20180604_기타국가_방사능_검출_현황-page-1-table-1.csv
능이버섯	중국	(2018.4.10.)	969.0	3	불검출	적합	./tables/104/20180515_기타국가_방사능_검출_현황-page-1-table-1.csv
잼	독일	2020.12.1.	964	2	불검출	적합	./tables/104/20180514_기타국가_방사능_검출_현황-page-1-table-1.csv
고형차	러시아연방	2021.4.19.	200	62	불검출	적합	./tables/104/20180514_기타국가_방사능_검출_현황-page-1-table-1.csv
고형차	러시아연방	2021.3.28.	27.2	53	불검출	적합	./tables/105/20180509_기타국가_방사능_검출_현황-page-1-table-1.csv
잼	프랑스	2019.11.1.	3,039	3	불검출	적합	./tables/105/20180511_기타국가_방사능_검출_현황-page-1-table-1.csv
고형차	러시아연방	2020.2.15.	625.0	41	불검출	적합	./tables/106/20180503_기타국가_방사능_검출_현황-page-1-table-1.csv
과․채가공품	프랑스	2019.11.28.	200.0	33	불검출	적합	./tables/107/20180430_기타국가_방사능_검출_현황-page-1-table-1.csv
과․채가공품	미국	2019.12.31.	25.0	2	불검출	적합	./tables/107/20180501_기타국가_방사능_검출_현황-page-1-table-1.csv
고형차	러시아연방	2021.3.14.	322.0	55	불검출	적합	./tables/108/20180427_기타국가_방사능_검출_현황-page-1-table-1.csv
액상차	러시아연방	2021.4.1.	150.0	24	불검출	적합	./tables/108/20180427_기타국가_방사능_검출_현황-page-1-table-1.csv
고형차	러시아연방	2021.3.15.	100.0	47	불검출	적합	./tables/108/20180426_기타국가_방사능_검출_현황-page-1-table-1.csv
잼	독일	2019.2.15.	78.0	12	불검출	적합	./tables/108/20180425_기타국가_방사능_검출_현황-page-1-table-1.csv
그물버섯	이탈리아	(2017.7.24.)	378.0	35	불검출	적합	./tables/110/20180417_기타국가_방사능_검출_현황-page-1-table-1.csv
고형차	러시아연방	2020.3.21.	50.0	70	불검출	적합	./tables/110/20180419_기타국가_방사능_검출_현황-page-1-table-1.csv
과채가공품	중국	2019.9.18.	97.5	2	불검출	적합	./tables/110/20180419_기타국가_방사능_검출_현황-page-1-table-1.csv
고형차	러시아연방	2020.2.15.	625.0	49	불검출	적합	./tables/111/20180416_기타국가_방사능_검출_현황-page-1-table-1.csv
그물버섯	리투아니아	(2018.1.22.)	480	4	불검출	적합	./tables/111/20180413_기타국가_방사능_검출_현황-page-1-table-1.csv
기타잼	프랑스	2021.1.10.	409.8	8	불검출	적합	./tables/111/20180413_기타국가_방사능_검출_현황-page-1-table-1.csv
능이/건조	중국	(2018.3.20.)	300	2	불검출	적합	./tables/111/20180413_기타국가_방사능_검출_현황-page-1-table-1.csv
블루베리	폴란드	(2018.1.25.)	900	1	불검출	적합	./tables/112/20180410_기타국가_방사능_검출_현황-page-1-table-1.csv
고형차	러시아연방	2021.1.18.	100	49	불검출	적합	./tables/112/20180410_기타국가_방사능_검출_현황-page-1-table-1.csv
고형차	러시아연방	2020.12.26.	200	47	불검출	적합	./tables/112/20180410_기타국가_방사능_검출_현황-page-1-table-1.csv
고형차	러시아연방	2021.2.28.	300.0	37	불검출	적합	./tables/112/20180412_기타국가_방사능_검출_현황-page-1-table-1.csv
과채가공품	핀란드	2019.10.23.	103.5	42	불검출	적합	./tables/112/20180411_기타국가_방사능_검출_현황-page-1-table-1.csv
고형차	러시아연방	2020.2.15.	625.0	49	불검출	적합	./tables/113/20180406_기타국가_방사능_검출_현황-page-1-table-1.csv
고형차	러시아연방	2020.2.4.	300	30	불검출	적합	./tables/114/20180405_기타국가_방사능_검출_현황-page-1-table-1.csv
고형차	러시아연방	2020.3.21.	30	63	불검출	적합	./tables/114/20180405_기타국가_방사능_검출_현황-page-1-table-1.csv
블루베리	미국	(2018.1.18.)	23,120	2	불검출	적합	./tables/114/20180405_기타국가_방사능_검출_현황-page-1-table-1.csv
"빌베리추출물
(원료성)"	이탈리아	2022.4.30.	50	19	불검출	적합	./tables/114/20180405_기타국가_방사능_검출_현황-page-1-table-1.csv
고형차	러시아연방	2020.2.15.	625.0	49	불검출	적합	./tables/115/20180402_기타국가_방사능_검출_현황-page-1-table-1.csv
잼	독일	2020.4.24.	1,088	33	불검출	적합	./tables/115/20180328_기타국가_방사능_검출_현황-page-1-table-1.csv
잼	스웨덴	2019.5.16.	806	1	불검출	적합	./tables/115/20180328_기타국가_방사능_검출_현황-page-1-table-1.csv
고형차	러시아연방	2019.10.19.	625.0	53	불검출	적합	./tables/119/20180309_기타국가_방사능_검출_현황-page-1-table-1.csv
고형차	러시아연방	2019.10.19.	625.0	45	불검출	적합	./tables/120/20180308_기타국가_방사능_검출_현황-page-1-table-1.csv
능이버섯	중국	(2017년산)	6,330	2	불검출	적합	./tables/121/20180226_기타국가_방사능_검출_현황-page-1-table-1.csv
고형차	러시아연방	2019.10.19.	625	45	불검출	적합	./tables/121/20180226_기타국가_방사능_검출_현황-page-1-table-1.csv
과 채가공품	핀란드	2019.10.23.	152.0	78	불검출	적합	./tables/122/20180222_기타국가_방사능_검출_현황-page-1-table-1.csv
고형차	러시아연방	2019.10.19.	625.0	42	불검출	적합	./tables/122/20180223_기타국가_방사능_검출_현황-page-1-table-1.csv
능이버섯	중국	(2018.1.19.)	120.0	1	불검출	적합	./tables/123/20180220_기타국가_방사능_검출_현황-page-1-table-1.csv
냉동 뿔나팔버섯	스페인	(2018.1.10.)	105.0	2	불검출	적합	./tables/123/20180221_기타국가_방사능_검출_현황-page-1-table-1.csv
냉동 꾀꼬리버섯	스페인	(2018.1.10.)	105.0	39	불검출	적합	./tables/123/20180221_기타국가_방사능_검출_현황-page-1-table-1.csv
냉동 곰보버섯	스페인	(2018.1.10.)	40.0	5	불검출	적합	./tables/123/20180221_기타국가_방사능_검출_현황-page-1-table-1.csv
침출차	캐나다	2019.12.9.	113	12	불검출	적합	./tables/124/20180212_기타국가_방사능_검출_현황-page-1-table-1.csv
차가버섯	러시아연방	(2017.11.26.)	5,730	29	불검출	적합	./tables/124/20180212_기타국가_방사능_검출_현황-page-1-table-1.csv
과 채가공품	프랑스	2019.9.21.	400.0	17	불검출	적합	./tables/124/20180214_기타국가_방사능_검출_현황-page-1-table-1.csv
과 채가공품	프랑스	2019.10.6.	200.0	4	불검출	적합	./tables/124/20180214_기타국가_방사능_검출_현황-page-1-table-1.csv
과 채가공품	미국	2019.8.31.	5.0	13	불검출	적합	./tables/126/20180202_기타국가_방사능_검출_현황-page-1-table-1.csv
고형차	러시아연방	2020.1.9.	60.0	48	불검출	적합	./tables/126/20180202_기타국가_방사능_검출_현황-page-1-table-1.csv
과 채가공품	프랑스	2020.3.5.	3,600	5	불검출	적합	./tables/127/20180129_기타국가_방사능_검출_현황-page-1-table-1.csv
"빌베리추출물
(원료성)"	인도	2020.8.1.	90	4	불검출	적합	./tables/127/20180129_기타국가_방사능_검출_현황-page-1-table-1.csv
고형차	러시아연방	2019.10.19.	625.0	47	불검출	적합	./tables/127/20180201_기타국가_방사능_검출_현황-page-1-table-1.csv
고형차	러시아 연방	2019.11.1.	90.0	11	불검출	적합	./tables/128/20180126_기타국가_방사능_검출_현황-page-1-table-1.csv
고형차	러시아 연방	2019.10.31.	90.0	21	불검출	적합	./tables/128/20180126_기타국가_방사능_검출_현황-page-1-table-1.csv
잼	독일	2019.9.14.	691.0	48	불검출	적합	./tables/128/20180125_기타국가_방사능_검출_현황-page-1-table-1.csv
잼	독일	2020.3.19.	3,740	6	불검출	적합	./tables/129/20180122_기타국가_방사능_검출_현황-page-1-table-1.csv
능이버섯	중국	2020.12.19.	320.0	1	불검출	적합	./tables/129/20180123_기타국가_방사능_검출_현황-page-1-table-1.csv
고형차	러시아연방	2019.10.19.	625.0	54	불검출	적합	./tables/130/20180118_기타국가_방사능_검출_현황-page-1-table-1.csv
과.채가공품	중국	2019.6.27.	150.0	6	불검출	적합	./tables/130/20180119_기타국가_방사능_검출_현황-page-1-table-1.csv
고형차	미국	2019.10.1.	2.0	8	불검출	적합	./tables/131/20180112_기타국가_방사능_검출_현황-page-1-table-1.csv
고형차	러시아연방	2020.10.4.	200.0	37	불검출	적합	./tables/131/20180112_기타국가_방사능_검출_현황-page-1-table-1.csv
고형차	러시아연방	2019.11.19.	400.0	32	불검출	적합	./tables/131/20180115_기타국가_방사능_검출_현황-page-1-table-1.csv
잼	이탈리아	2020.4.30.	10.0	45	불검출	적합	./tables/133/20180103_기타국가_방사능_검출_현황-page-1-table-1.csv
고형차	러시아연방	2019.11.4.	100.0	35	불검출	적합	./tables/133/20180103_기타국가_방사능_검출_현황-page-1-table-1.csv
잼	이탈리아	2020.4.30.	19.0	219	불검출	부적합	./tables/133/20180103_기타국가_방사능_검출_현황-page-1-table-1.csv
블루베리	폴란드	2019.10.25.	900	4	불검출	적합	./tables/133/20180105_기타국가_방사능_검출_현황-page-1-table-1.csv
고형차	러시아연방	2019.10.19.	625	52	불검출	적합	./tables/133/20180105_기타국가_방사능_검출_현황-page-1-table-1.csv
고형차	러시아연방	2019.10.19.	625	50	불검출	적합	./tables/133/20180105_기타국가_방사능_검출_현황-page-1-table-1.csv
블루베리	세르비아	2019.7.22.	780	12	불검출	적합	./tables/133/20180105_기타국가_방사능_검출_현황-page-1-table-1.csv
잼	벨기에	2019.8.31.	64.5	50	불검출	적합	./tables/133/20180105_기타국가_방사능_검출_현황-page-1-table-1.csv
잼	오스트리아	2019.10.10.	115.2	34	불검출	적합	./tables/133/20180105_기타국가_방사능_검출_현황-page-1-table-1.csv
고형차	러시아연방	2019.12.4.	100	7	불검출	적합	./tables/133/20180105_기타국가_방사능_검출_현황-page-1-table-1.csv
과채가공품	프랑스	2020.2.1.	1,440	3	불검출	적합	./tables/134/20171229_기타국가_방사능_검출_현황-page-1-table-1.csv
고형차	러시아연방	2019.12.3.	65	44	불검출	적합	./tables/134/20171229_기타국가_방사능_검출_현황-page-1-table-1.csv
과채가공품	프랑스	2019.8.21.	200.0	22	불검출	적합	./tables/134/20180102_기타국가_방사능_검출_현황-page-1-table-1.csv
잼	독일	2020.3.19.	1,311	14	불검출	적합	./tables/135/20171226_기타국가_방사능_검출_현황-page-1-table-1.csv
잼	프랑스	2019.8.4.	813.0	2	불검출	적합	./tables/135/20171222_기타국가_방사능_검출_현황-page-1-table-1.csv
잼	프랑스	2020.2.1.	237.36	4	불검출	적합	./tables/136/20171220_기타국가_방사능_검출_현황-page-1-table-1.csv
고형차	러시아연방	2019.12.4.	6.0	90	불검출	적합	./tables/136/20171220_기타국가_방사능_검출_현황-page-1-table-1.csv
액상차	러시아연방	2020.9.19.	6.0	8	불검출	적합	./tables/136/20171221_기타국가_방사능_검출_현황-page-1-table-1.csv
과․채가공품	중국	2019.6.6.	97.5	3	불검출	적합	./tables/137/20171219_기타국가_방사능_검출_현황-page-1-table-1.csv
잼	프랑스	2019.4.4.	362.88	1	불검출	적합	./tables/137/20171218_기타국가_방사능_검출_현황-page-1-table-1.csv
과․채가공품	미국	2019.8.31.	10.0	13	불검출	적합	./tables/138/20171214_기타국가_방사능_검출_현황-page-1-table-1.csv
잼	미국	2019.8.26.	679.68	2	불검출	적합	./tables/138/20171214_기타국가_방사능_검출_현황-page-1-table-1.csv
고형차	러시아연방	2019.9.20.	625	71	불검출	적합	./tables/138/20171212_기타국가_방사능_검출_현황-page-1-table-1.csv
고형차	러시아연방	2019.3.1.	625	70	불검출	적합	./tables/138/20171212_기타국가_방사능_검출_현황-page-1-table-1.csv
그물버섯(냉동)	스페인	(2017.10.26.)	105	14	불검출	적합	./tables/138/20171212_기타국가_방사능_검출_현황-page-1-table-1.csv
송이버섯	터키	(2017.11.13.)	100	4	불검출	적합	./tables/138/20171212_기타국가_방사능_검출_현황-page-1-table-1.csv
잼	스웨덴	2018.8.28.	857	5	불검출	적합	./tables/139/20171211_기타국가_방사능_검출_현황-page-1-table-1.csv
잼	스웨덴	2019.3.1.	428	1	불검출	적합	./tables/139/20171211_기타국가_방사능_검출_현황-page-1-table-1.csv
잼	중국	2018.10.17.	34,290	1	불검출	적합	./tables/139/20171211_기타국가_방사능_검출_현황-page-1-table-1.csv
잼	이탈리아	2020.12.31.	423	44	불검출	적합	./tables/139/20171211_기타국가_방사능_검출_현황-page-1-table-1.csv
과․채가공품	프랑스	2020.5.29.	180	35	불검출	적합	./tables/139/20171211_기타국가_방사능_검출_현황-page-1-table-1.csv
과․채가공품류	핀란드	2019.9.8.	600	65	불검출	적합	./tables/139/20171211_기타국가_방사능_검출_현황-page-1-table-1.csv
과․채가공품	프랑스	2020.2.1.	1,440	18.9	불검출	적합	./tables/139/20171208_기타국가_방사능_검출_현황-page-1-table-1.csv
과․채가공품	프랑스	2020.8.1.	1,575	8.8	불검출	적합	./tables/139/20171208_기타국가_방사능_검출_현황-page-1-table-1.csv
과․채가공품	중국	2019.5.12.	150	2	불검출	적합	./tables/140/20171206_기타국가_방사능_검출_현황-page-1-table-1.csv
과․채가공품	프랑스	2020.5.29.	180	36	불검출	적합	./tables/140/20171206_기타국가_방사능_검출_현황-page-1-table-1.csv
잼	미국	2019.6.27.	238	67	불검출	적합	./tables/140/20171206_기타국가_방사능_검출_현황-page-1-table-1.csv
능이버섯	중국	(2017.11.1.)	6,816	4	불검출	적합	./tables/140/20171206_기타국가_방사능_검출_현황-page-1-table-1.csv
고형차	러시아연방	2020.8.2.	500	45	불검출	적합	./tables/140/20171206_기타국가_방사능_검출_현황-page-1-table-1.csv
차가버섯	러시아연방	(2017.10.1.)	12,000	15	불검출	적합	./tables/140/20171206_기타국가_방사능_검출_현황-page-1-table-1.csv
능이버섯	중국	(2017.11.10.)	5,000	2	불검출	적합	./tables/140/20171207_기타국가_방사능_검출_현황-page-1-table-1.csv
블루베리	미국	(2017.7.13.)	23,120	3	불검출	적합	./tables/140/20171207_기타국가_방사능_검출_현황-page-1-table-1.csv
차가버섯	러시아연방	(2017.10.1.)	12,000	15	불검출	적합	./tables/140/20171207_기타국가_방사능_검출_현황-page-1-table-1.csv
과․채가공품	중국	2019.4.29.	800	1	불검출	적합	./tables/140/20171207_기타국가_방사능_검출_현황-page-1-table-1.csv
고형차	러시아연방	2020.11.16.	200.0	59	불검출	적합	./tables/141/20171130_기타국가_방사능_검출_현황-page-1-table-1.csv
고형차	러시아연방	2020.11.16.	200.0	56	불검출	적합	./tables/141/20171130_기타국가_방사능_검출_현황-page-1-table-1.csv
고형차	러시아연방	2019.09.20.	625	64	불검출	적합	./tables/141/20171201_기타국가_방사능_검출_현황-page-1-table-1.csv
고형차	러시아연방	2020.11.17.	200	56	불검출	적합	./tables/141/20171201_기타국가_방사능_검출_현황-page-1-table-1.csv
고형차	러시아연방	2020.11.07.	100	48	불검출	적합	./tables/141/20171201_기타국가_방사능_검출_현황-page-1-table-1.csv
건조그물버섯	이탈리아	2018.10.30.	12	2	불검출	적합	./tables/141/20171201_기타국가_방사능_검출_현황-page-1-table-1.csv
과․채가공품	중국	2019.10.13.	100	1	불검출	적합	./tables/141/20171201_기타국가_방사능_검출_현황-page-1-table-1.csv
냉동능이버섯	중국	2019.10.31.	6,490	7	불검출	적합	./tables/142/20171129_기타국가_방사능_검출_현황-page-1-table-1.csv
과채가공품	네덜란드	2018-08-16	100	2 Bq/kg	불검출	적합	./tables/142/cleaned_20171128_기타국가_방사능_검출_현황(건조+능이버섯)-page-1-table-1.csv
건조 능이버섯	중국	(2017-11-01)	600	2 Bq/kg	불검출	적합	./tables/142/cleaned_20171128_기타국가_방사능_검출_현황(건조+능이버섯)-page-1-table-1.csv
쨈	프랑스	2019-07-25	103	1 Bq/kg	불검출	적합	./tables/142/cleaned_20171128_기타국가_방사능_검출_현황(건조+능이버섯)-page-1-table-1.csv
건조 능이버섯	중국	(2017-11-10)	260	3 Bq/kg	불검출	적합	./tables/142/cleaned_20171128_기타국가_방사능_검출_현황(건조+능이버섯)-page-1-table-1.csv
건조 능이버섯	중국	(2017-11-12)	990	2 Bq/kg	불검출	적합	./tables/142/cleaned_20171128_기타국가_방사능_검출_현황(건조+능이버섯)-page-1-table-1.csv
잼	스웨덴	2019.02.11.	25.6	60	불검출	적합	./tables/143/20171122_기타국가_방사능_검출_현황-page-1-table-1.csv
잼	스웨덴	2019.02.09.	435.2	98	불검출	적합	./tables/143/20171122_기타국가_방사능_검출_현황-page-1-table-1.csv
잼	이탈리아	2021-05-29	21.0	1 Bq/kg	불검출	적합	./tables/143/cleaned_20171127_기타국가_방사능_검출_현황(쨈,+과채가공품)-page-1-table-1.csv
과채가공품	프랑스	2020-05-29	180.0	45 Bq/kg	불검출	적합	./tables/143/cleaned_20171127_기타국가_방사능_검출_현황(쨈,+과채가공품)-page-1-table-1.csv
"빌베리추출물
(원료)"	독일	2019-03-01	50.0	12 Bq/kg	불검출	적합	./tables/143/cleaned_20171127_기타국가_방사능_검출_현황(쨈,+과채가공품)-page-1-table-1.csv
잼	프랑스	2019.09.14.	2,220	4	불검출	적합	./tables/144/20171120_기타국가_방사능_검출_현황-page-1-table-1.csv
과․채가공품	프랑스	2020.05.29.	180	35	불검출	적합	./tables/144/20171120_기타국가_방사능_검출_현황-page-1-table-1.csv
과․채가공품	중국	2019.04.29	200	2	불검출	적합	./tables/144/20171120_기타국가_방사능_검출_현황-page-1-table-1.csv
잼	중국	2018.9.24.	21,280	1	불검출	적합	./tables/144/cleaned_20171117_기타국가_방사능_검출_현황(중국산+잼)-page-1-table-1.csv
냉동능이버섯	중국	2017년산	10,330	2	불검출	적합	./tables/145/cleaned_20171116_기타국가_방사능_검출_현황(중국산+능이버섯)-page-1-table-1.csv
잼	중국	(2017.8.30.)	4,720	1	불검출	적합	./tables/145/cleaned_20171113_기타국가_방사능_검출_현황(중국산+잼)-page-1-table-1.csv
건 차가버섯	러시아	(2017.9.15.)	14,670	12	불검출	적합	./tables/146/cleaned_20171110_기타국가_방사능_검출_현황(러시아산+차가버섯)-page-1-table-1.csv
건조 차가버섯	러시아	(2017-09-15)	14,670	12 Bq/kg	불검출	적합	./tables/146/cleaned_20171109_기타국가_방사능_검출_현황(버섯류,+쨈)-page-1-table-1.csv
냉동 능이버섯	중국(티벳)	(2017-10-25)	3,584	2 Bq/kg	불검출	적합	./tables/146/cleaned_20171109_기타국가_방사능_검출_현황(버섯류,+쨈)-page-1-table-1.csv
잼	이탈리아	2019-01-05	259	27 Bq/kg	불검출	적합	./tables/146/cleaned_20171109_기타국가_방사능_검출_현황(버섯류,+쨈)-page-1-table-1.csv
잼	프랑스	2019-08-01	1,391	2 Bq/kg	불검출	적합	./tables/146/cleaned_20171109_기타국가_방사능_검출_현황(버섯류,+쨈)-page-1-table-1.csv
잼	오스트리아	2019-10-10	38	25 Bq/kg	불검출	적합	./tables/146/cleaned_20171109_기타국가_방사능_검출_현황(버섯류,+쨈)-page-1-table-1.csv
과채가공품	독일	(2017.08.01.)	15,250	8	불검출	적합	./tables/147/cleaned_20171103_기타국가_방사능_검출_현황(독일산+과채가공품)-page-1-table-1.csv
과채가공품	독일	(2017.07.27.)	11,780	5	불검출	적합	./tables/147/cleaned_20171103_기타국가_방사능_검출_현황(독일산+과채가공품)-page-1-table-1.csv
능이버섯	러시아	(2017.09.12.)	121.0	90	불검출	적합	./tables/147/cleaned_20171106_기타국가_방사능_검출_현황(러시아산+능이버섯)-page-1-table-1.csv
능이버섯(건조)	러시아연방	(2017.10.26.)	101.0	81	불검출	적합	./tables/148/cleaned_20171102_기타국가_방사능_검출_현황(러시아산+건조능이버섯)-page-1-table-1.csv
냉동능이버섯	중국	(2017.9.18.)	8,584	2	불검출	적합	./tables/150/cleaned_20171025_기타국가_방사능_검출_현황(중국산+냉동능이버섯)0-page-1-table-1.csv
송이버섯	중국	2017년산	88.0	1	불검출	적합	./tables/150/cleaned_20171023_기타국가_방사능_검출_현황(중국산+송이버섯)-page-1-table-1.csv
냉동 블루베리	프랑스	(2016-07-30)	1,890	8 Bq/kg	불검출	적합	./tables/154/cleaned_20171002_기타국가_방사능_검출_현황(블루베리,+향신료)-page-1-table-1.csv
"천연향신료
(건조제품)"	이탈리아	2020-06-13	8	4 Bq/kg	불검출	적합	./tables/154/cleaned_20171002_기타국가_방사능_검출_현황(블루베리,+향신료)-page-1-table-1.csv
음료베이스	스웨덴	2019-06-03	514	3 Bq/kg	불검출	적합	./tables/155/cleaned_20170926_기타국가_방사능_검출_현황(스웨덴+잼류)-page-1-table-1.csv
잼류	스웨덴	2018-11-09	1,945	15 Bq/kg	불검출	적합	./tables/155/cleaned_20170926_기타국가_방사능_검출_현황(스웨덴+잼류)-page-1-table-1.csv
잼류	스웨덴	2018-10-17	1,612	1 Bq/kg	불검출	적합	./tables/155/cleaned_20170926_기타국가_방사능_검출_현황(스웨덴+잼류)-page-1-table-1.csv
"유기농 링곤베리 
잼"	스웨덴	2018.11.20.	806.0	2	불검출	적합	./tables/158/cleaned_20170908_기타국가_방사능_검출_현황(스웨덴산+유기농+링곤베리잼)-page-1-table-1.csv
건 차가버섯	러시아연방	2017년산	3,000	27	불검출	적합	./tables/160/cleaned_20170828_기타국가_방사능_검출_현황(러시아산+차가버섯)-page-1-table-1.csv
능이버섯	중국	2017년산	104.0	5	불검출	적합	./tables/160/cleaned_20170824_기타국가_방사능_검출_현황(중국산+능이버섯)-page-1-table-1.csv
건 차가버섯	러시아연방	(2017.4.18.)	5,195	10	불검출	적합	./tables/161/cleaned_20170822_기타국가_방사능_검출_현황(러시아산+차가버섯)-page-1-table-1.csv
건조 차가버섯	러시아연방	(2017.5.27.)	100	31	불검출	적합	./tables/161/cleaned_20170822_기타국가_방사능_검출_현황(러시아산+차가버섯)-page-1-table-1.csv
차가버섯	러시아	(2017.7.10.)	997	2	불검출	적합	./tables/166/cleaned_20170724_기타국가_방사능_검출_현황(러시아+차가버섯+및+독일+잼)-page-1-table-1.csv
잼	독일	2019.6.12.	2,720	13	불검출	적합	./tables/166/cleaned_20170724_기타국가_방사능_검출_현황(러시아+차가버섯+및+독일+잼)-page-1-table-1.csv
냉동 능이버섯	중국	2019.5.31.	10,430	4	불검출	적합	./tables/168/cleaned_20170711_기타국가_방사능_검출_현황(중국+냉동+및+건조능이버섯)-page-1-table-1.csv
건조 능이버섯	중국	2019.5.31.	489	3	불검출	적합	./tables/168/cleaned_20170711_기타국가_방사능_검출_현황(중국+냉동+및+건조능이버섯)-page-1-table-1.csv
차가버섯	러시아연방	"-
(2016-10-01)"	6,500	44	불검출	적합	./tables/185/20170320+기타국가+방사능+검출+현황(차가버섯+2건)-page-1-table-1.csv
차가버섯(건조)	벨라루스	"-
(2017-02-10)"	120	11	불검출	적합	./tables/185/20170320+기타국가+방사능+검출+현황(차가버섯+2건)-page-1-table-1.csv
꾀꼬리버섯	폴란드	2018-06-06	100.0	6	불검출	적합	./tables/191/20170214+기타국가+방사능+검출+현황(폴란드+꾀꼬리버섯+외2건)-page-1-table-1.csv
그물버섯	리투아니아	2018-05-29	480.0	4	불검출	적합	./tables/191/20170214+기타국가+방사능+검출+현황(폴란드+꾀꼬리버섯+외2건)-page-1-table-1.csv
유기농 블루베리 잼	스웨덴	2018-04-27	428	2	불검출	적합	./tables/192/20170210+기타국가+방사능+검출+현황(스웨덴+베리+잼)-page-1-table-1.csv
"유기농 라즈베리
앤 블루베리 잼"	스웨덴	2017-10-06	428	3	불검출	적합	./tables/192/20170210+기타국가+방사능+검출+현황(스웨덴+베리+잼)-page-1-table-1.csv
유기농 링곤베리 잼	스웨덴	2018-04-05	403	2	불검출	적합	./tables/192/20170210+기타국가+방사능+검출+현황(스웨덴+베리+잼)-page-1-table-1.csv
건조능이버섯	중국	"-
(2016년)"	195	5	불검출	적합	./tables/198/20170109+기타국가+방사능+검출+현황(중국+버섯+3건)-page-1-table-1.csv
냉동송이버섯	중국	"-
(2016년)"	5,165	1	불검출	적합	./tables/198/20170109+기타국가+방사능+검출+현황(중국+버섯+3건)-page-1-table-1.csv
냉동능이버섯	중국	"-
(2016년)"	7,984	1	불검출	적합	./tables/198/20170109+기타국가+방사능+검출+현황(중국+버섯+3건)-page-1-table-1.csv
냉동송이버섯	중국	2019-06-04	10,140	3	불검출	적합	./tables/200/20170104+기타국가+방사능+검출+현황(중국+버섯+2건)-page-1-table-1.csv
건조능이버섯	중국	2019-06-04	800	2	불검출	적합	./tables/200/20170104+기타국가+방사능+검출+현황(중국+버섯+2건)-page-1-table-1.csv
건조능이버섯	중국	2019-11-30	704	3	불검출	적합	./tables/201/20161228+기타국가+방사능+검출+현황(중국+능이버섯+2건)-page-1-table-1.csv
냉동능이버섯	중국	2019-11-10	13,320	3	불검출	적합	./tables/201/20161228+기타국가+방사능+검출+현황(중국+능이버섯+2건)-page-1-table-1.csv
송이버섯	중국	"-
(2016-11-27)"	96	1	불검출	적합	./tables/207/20161201+기타국가+방사능+검출+현황(중국+송이+능이버섯)-page-1-table-1.csv
냉동능이버섯	중국	-	5,990	1	불검출	적합	./tables/207/20161201+기타국가+방사능+검출+현황(중국+송이+능이버섯)-page-1-table-1.csv
건능이버섯	중국	"-
(2016-11-15)"	100	4	불검출	적합	./tables/209/20161123+기타국가+방사능+검출+현황(중국+능이버섯+2건)-page-1-table-1.csv
냉동능이버섯	중국	2019-04-24	10,630	2	불검출	적합	./tables/209/20161123+기타국가+방사능+검출+현황(중국+능이버섯+2건)-page-1-table-1.csv
냉동능이버섯	중국	2019-09-28	12,060	1	불검출	적합	./tables/210/20161121+기타국가+방사능+검출+현황(중국+능이,+송이버섯+2건)-page-1-table-1.csv
송이버섯(신선)	중국	"-
(2016-11-16)"	116	1	불검출	적합	./tables/210/20161121+기타국가+방사능+검출+현황(중국+능이,+송이버섯+2건)-page-1-table-1.csv
냉동능이버섯	중국	2019-01-19	12,400	2	불검출	적합	./tables/214/20161102+기타국가+방사능+검출+현황(중국+능이버섯2건)-page-1-table-1.csv
건조능이버섯	중국	"-
(2016-09-27)"	315	36	불검출	적합	./tables/214/20161102+기타국가+방사능+검출+현황(중국+능이버섯2건)-page-1-table-1.csv
건조능이버섯	중국	"-
(2016-08-01)"	500	9	불검출	적합	./tables/216/20161026+기타국가+방사능+검출+현황(중국+버섯+3건)-page-1-table-1.csv
송이버섯	중국	-	216	3	불검출	적합	./tables/216/20161026+기타국가+방사능+검출+현황(중국+버섯+3건)-page-1-table-1.csv
송이버섯	중국	-	300	1	불검출	적합	./tables/216/20161026+기타국가+방사능+검출+현황(중국+버섯+3건)-page-1-table-1.csv
건조능이버섯	중국	2019-09-14	180	27	불검출	적합	./tables/219/20161012+기타국가+방사능+검출+현황(중국+능이+2건)-page-1-table-1.csv
냉동능이버섯	중국	2019-09-14	11,000	1	불검출	적합	./tables/219/20161012+기타국가+방사능+검출+현황(중국+능이+2건)-page-1-table-1.csv
냉동능이버섯	중국	2019-09-08	10,200	2	불검출	적합	./tables/220/20161011+기타국가+방사능+검출+현황(중국+능이,+스웨덴+베리류2건)-page-1-table-1.csv
블루베리 잼	스웨덴	2017-11-23	856.8	3	불검출	적합	./tables/220/20161011+기타국가+방사능+검출+현황(중국+능이,+스웨덴+베리류2건)-page-1-table-1.csv
링곤베리 잼	스웨덴	2017-11-10	1,612	1	불검출	적합	./tables/220/20161011+기타국가+방사능+검출+현황(중국+능이,+스웨덴+베리류2건)-page-1-table-1.csv
냉동능이버섯	중국	2019-09-21	2,400	1	불검출	적합	./tables/220/20161011+기타국가+방사능+검출+현황(중국+능이,+러시아+차가버섯)-page-1-table-1.csv
차가버섯	러시아 연방	2018-09-08	1,275	24	불검출	적합	./tables/220/20161011+기타국가+방사능+검출+현황(중국+능이,+러시아+차가버섯)-page-1-table-1.csv
냉동능이버섯	중국	2018-12-24	13,450	1	불검출	적합	./tables/220/20161010+기타국가+방사능+검출+현황(중국+능이,+링곤베리잼)-page-1-table-1.csv
링곤베리 잼	스웨덴	2017-11-17	1,944	1	불검출	적합	./tables/220/20161010+기타국가+방사능+검출+현황(중국+능이,+링곤베리잼)-page-1-table-1.csv
건조능이버섯	중국	(2016-09-06)	104	18	불검출	적합	./tables/223/20160923+기타국가+방사능+검출+현황(중국능이)-page-1-table-1.csv
냉동능이버섯	중국	2019-08-25	12,500	4	불검출	적합	./tables/223/20160923+기타국가+방사능+검출+현황(중국능이)-page-1-table-1.csv
냉동능이버섯	중국	2019-02-17	11,330	2	불검출	적합	./tables/223/20160927+기타국가+방사능+검출+현황(중국+냉동능이+2건)-page-1-table-1.csv
냉동능이버섯	중국	2018-08-27	7,098	10	불검출	적합	./tables/223/20160927+기타국가+방사능+검출+현황(중국+냉동능이+2건)-page-1-table-1.csv
건조능이버섯	중국	2018-09-09	100.0	40	불검출	적합	./tables/223/20160928+기타국가+방사능+검출+현황(중국+건조능이+2건)-page-1-table-1.csv
건조능이버섯	중국	(2016-09-01)	504.0	34	불검출	적합	./tables/223/20160928+기타국가+방사능+검출+현황(중국+건조능이+2건)-page-1-table-1.csv
"밀크초콜릿
헤이즐넛"	터키	2017-05-08	17.0	3	불검출	적합	./tables/226/20160907+기타국가+방사능+검출+현황(터키,+러시아+2건)-page-1-table-1.csv
송이버섯	러시아	(2016-08-31)	212.0	8	불검출	적합	./tables/226/20160907+기타국가+방사능+검출+현황(터키,+러시아+2건)-page-1-table-1.csv
건조능이버섯	중국	2019-08-02	500	29	불검출	적합	./tables/226/20160909+기타국가+방사능+검출+현황(중국,키르기스스탄+능이)-page-1-table-1.csv
냉동능이	키르기스스탄	2018-07-29	11,826	4	불검출	적합	./tables/226/20160909+기타국가+방사능+검출+현황(중국,키르기스스탄+능이)-page-1-table-1.csv
건조능이버섯	중국	2019-01-27	780	22	불검출	적합	./tables/230/20160822+기타국가+방사능+검출+현황(중국+신선,+냉동능이버섯)-page-1-table-1.csv
냉동능이버섯	중국	2019-01-27	10,500	3	불검출	적합	./tables/230/20160822+기타국가+방사능+검출+현황(중국+신선,+냉동능이버섯)-page-1-table-1.csv
건조능이버섯	중국	(2016-07-22)	345.0	30	불검출	적합	./tables/232/cleaned_20160811_기타국가_방사능_검출_현황(중국_건조능이버섯)-page-1-table-1.csv
건조능이버섯	중국	(2016)	50.0	19	불검출	적합	./tables/232/cleaned_20160811_기타국가_방사능_검출_현황(중국_건조능이버섯)-page-1-table-1.csv
건조그물버섯	이탈리아	2017-05-03	112.8	48	불검출	적합	./tables/249/20160530+기타국가+방사능+검출+현황(이탈리아+그물버섯외+1건)-page-1-table-1.csv
꾀꼬리버섯	프랑스	2017-10-19	50.0	6	불검출	적합	./tables/249/20160530+기타국가+방사능+검출+현황(이탈리아+그물버섯외+1건)-page-1-table-1.csv
건조능이버섯	중국	2018-10-14	500	1	불검출	적합	./tables/251/20160517_기타국가_방사능_검출_현황(중국_능이버섯)-page-1-table-1.csv
냉동능이버섯	중국	2018-10-14	6,516	3	불검출	적합	./tables/251/20160517_기타국가_방사능_검출_현황(중국_능이버섯)-page-1-table-1.csv
냉동능이버섯	중국	2018-3-29	4,450	6	불검출	적합	./tables/251/20160519+기타국가+방사능+검출+현황(중국+냉동능이버섯)-page-1-table-1.csv
냉동능이버섯	중국	2018-3-29	13,500	3	불검출	적합	./tables/251/20160519+기타국가+방사능+검출+현황(중국+냉동능이버섯)-page-1-table-1.csv
냉동능이버섯	중국	(2016-04-05)	5,000	3	불검출	적합	./tables/254/20160504+기타국가+방사능+검출+현황(중국+능이버섯)-page-1-table-1.csv
"테스코
시나몬분말"	"영국
(원산지 :
마다가스카르)"	2018-01-01	108.0	3	불검출	적합	./tables/259/20160408+기타국가+방사능+검출+현황(영국+시나몬분말)-page-1-table-1.csv
"냉동
월귤나무열매"	폴란드	2018-01-28	102.0	8	불검출	적합	./tables/269/20160217+기타국가+방사능+검출+현황(폴란드+블루베리)-page-1-table-1.csv
"냉동
월귤나무열매"	폴란드	2017-11-05	600.0	16	불검출	적합	./tables/275/20160119+기타국가+방사능+검출+현황(폴란드+블루베리)-page-1-table-1.csv
건조그물버섯	이탈리아	2016-09-10	8.6	33	불검출	적합	./tables/276/20160113_기타국가_방사능_검출_현황(이탈리아_그물버섯)-page-1-table-1.csv
"월귤(블루베리)
/열매/냉동"	폴란드	2017-07-01	600.0	10	불검출	적합	./tables/300/20150918+기타국가+방사능+검출+현황(폴란드블루베리)-page-1-table-1.csv
헤이즐너트	터키	2017-08-26	7,500	10	불검출	적합	./tables/302/20150811+기타국가+방사능+검출+현황(터키+헤이즐너트)-page-1-table-1.csv
시나몬(파우더)	프랑스	2017-05-01	10.0	5	불검출	적합	./tables/302/20150911+기타국가+방사능+검출+현황(프랑스+시나몬)-page-1-table-1.csv
"링곤베리드링크
컨센트레이트"	스웨덴	2017-03-12	1,544	16	불검출	적합	./tables/308/20150811+기타국가+방사능+검출+현황(스웨덴+링곤베리)-page-1-table-1.csv
시나몬 스틱	이탈리아	2018-03-03	6.0	5	불검출	적합	./tables/309/20150810+기타국가+방사능+검출+현황(이탈리아+시나몬+스틱)-page-1-table-1.csv
"링곤베리드링크
컨센트레이트"	스웨덴	2017-03-12	1,584	17	불검출	적합	./tables/315/20150713+기타국가+방사능+검출+현황(스웨덴+링곤베리)-page-1-table-1.csv
"링곤베리드링크
컨센트레이트"	스웨덴	2017-03-12	2,455	16	불검출	적합	./tables/316/20150707+기타국가+방사능+검출+현황(스웨덴+링곤베리)-page-1-table-1.csv
링곤베리 잼	스웨덴	2016-09-14	10,368	2	불검출	적합	./tables/316/20150707+기타국가+방사능+검출+현황(스웨덴+링곤베리)-page-1-table-1.csv
건조그물버섯	이탈리아	2016-06-03	20.0	43	불검출	적합	./tables/317/20150703+기타국가+방사능+검출+현황(이탈리아+그물버섯)-page-1-table-1.csv
"블루베리 잼
(잼)"	스웨덴	2016-07-21	1,714	2	불검출	적합	./tables/324/20150601+기타국가+방사능+검출+현황(스웨덴산+블루베리잼)-page-1-table-1.csv
"건조그물버섯
(농산물)"	이탈리아	2016-05-07	10	16	불검출	적합	./tables/326/20150522+기타국가+방사능+검출+현황(러시아차가버섯,+이탈리아+그물버섯)-page-1-table-1.csv
"차가버섯
(농산물)"	러시아	"-
(2015-03-25)"	4,000	18	불검출	적합	./tables/326/20150522+기타국가+방사능+검출+현황(러시아차가버섯,+이탈리아+그물버섯)-page-1-table-1.csv
"링곤베리 잼
(잼류)"	스웨덴	2016-07-19	6,851	2	불검출	적합	./tables/328/20150512+기타국가+방사능+검출+현황(스웨덴산+잼류+2건)-page-1-table-1.csv
"블루베리 잼
(잼류)"	스웨덴	2016-04-14	20,653	7	불검출	적합	./tables/330/20150501+기타국가+방사능+검출+현황-page-1-table-1.csv
버섯류	러시아연방	2014-12-30	100.0	12	불검출	적합	./tables/349/20150115+기타국가+방사능+검출+현황(러시아산+차가버섯차)-page-1-table-1.csv
잼류	스웨덴	2016-02-24	435.0	2	불검출	적합	./tables/357/20141219+기타국가+방사능+검출+현황-page-1-table-1.csv
기타잼류	프랑스	2017-09-17	2,181.1	3	불검출	적합	./tables/363/20141119+기타국가+방사능+검출+현황(프랑스산+기타잼류)-page-1-table-1.csv
